{"cameraMode":{"drawMode":0,"name":"Shaded","section":"Shading Mode"},"sceneLighting":false,"audioPlay":false,"sceneViewState":{"showFog":true,"showMaterialUpdate":false,"showSkybox":true,"showFlares":true,"showImageEffects":true,"showParticleSystems":true},"in2DMode":false,"pivot":{"x":1.0498404502868653,"y":0.3935202956199646,"z":1.3208359479904175},"rotation":{"x":0.23437154293060304,"y":-0.24276936054229737,"z":0.06056896969676018,"w":0.9393965005874634},"size":4.004909038543701,"orthographic":false}